<?xml version="1.0" ?>
<fe:DebitNote xmlns:cac="urn:oasis:names:specification:ubl:schema:xsd:CommonAggregateComponents-2" xmlns:cbc="urn:oasis:names:specification:ubl:schema:xsd:CommonBasicComponents-2" xmlns:clm54217="urn:un:unece:uncefact:codelist:specification:54217:2001" xmlns:clm66411="urn:un:unece:uncefact:codelist:specification:66411:2001" xmlns:clmIANAMIMEMediaType="urn:un:unece:uncefact:codelist:specification:IANAMIMEMediaType:2003" xmlns:ds="http://www.w3.org/2000/09/xmldsig#" xmlns:ext="urn:oasis:names:specification:ubl:schema:xsd:CommonExtensionComponents-2" xmlns:fe="http://www.dian.gov.co/contratos/facturaelectronica/v1" xmlns:qdt="urn:oasis:names:specification:ubl:schema:xsd:QualifiedDatatypes-2" xmlns:sts="http://www.dian.gov.co/contratos/facturaelectronica/v1/Structures" xmlns:udt="urn:un:unece:uncefact:data:specification:UnqualifiedDataTypesSchemaModule:2" xmlns:xsi="http://www.w3.org/2001/XMLSchema-instance" xsi:schemaLocation="http://www.dian.gov.co/contratos/facturaelectronica/v1 http://factura.today/XSD/r0/DIAN_UBL.xsd">
   
  
   <ext:UBLExtensions>
      
    
      <ext:UBLExtension>
         
      
         <ext:ExtensionContent>
            
        
            <sts:DianExtensions>
               
          
               <sts:InvoiceControl>
                  
            
                  <sts:InvoiceAuthorization>18762015155159</sts:InvoiceAuthorization>
                  
            
                  <sts:AuthorizationPeriod>
                     
              
                     <cbc:StartDate>14/06/2019</cbc:StartDate>
                     
              
                     <cbc:EndDate>14/12/2020</cbc:EndDate>
                     
            
                  </sts:AuthorizationPeriod>
                  
            
                  <sts:AuthorizedInvoices>
                     
              
                     <sts:Prefix>PC</sts:Prefix>
                     
              
                     <sts:From>1</sts:From>
                     
              
                     <sts:To>2868</sts:To>
                     
            
                  </sts:AuthorizedInvoices>
                  
          
               </sts:InvoiceControl>
               
          
               <sts:InvoiceSource>
                  
            
                  <cbc:IdentificationCode listAgencyID="6" listAgencyName="United Nations Economic Commission for Europe" listSchemeURI="urn:oasis:names:specification:ubl:codelist:gc:CountryIdentificationCode-2.0">CO</cbc:IdentificationCode>
                  
          
               </sts:InvoiceSource>
               
          
               <sts:SoftwareProvider>
                  
            
                  <sts:ProviderID schemeAgencyID="195" schemeAgencyName="CO, DIAN (Direccion de Impuestos y Aduanas Nacionales)">111276843</sts:ProviderID>
                  
            
                  <sts:SoftwareID schemeAgencyID="195" schemeAgencyName="CO, DIAN (Direccion de Impuestos y Aduanas Nacionales)">111276843MODDATOS</sts:SoftwareID>
                  
          
               </sts:SoftwareProvider>
               
          
               <sts:SoftwareSecurityCode schemeAgencyID="195" schemeAgencyName="CO, DIAN (Direccion de Impuestos y Aduanas Nacionales)">81427d7e3f9a854fcfa98a048b070b7d5a2e7416f91b289a458ab90067fb79cdc87cbe26dfaf9ebb28ed8fbe1e411ff9</sts:SoftwareSecurityCode>
               
        
            </sts:DianExtensions>
            
      
         </ext:ExtensionContent>
         
    
      </ext:UBLExtension>
      
    
      <ext:UBLExtension>
         
      
         <ext:ExtensionContent>
            
        
            <ds:Signature>
               
          
               <ds:SignedInfo>
                  
            
                  <ds:CanonicalizationMethod Algorithm="http://www.w3.org/TR/2001/REC-xml-c14n-20010315"/>
                  
            
                  <ds:SignatureMethod Algorithm="http://www.w3.org/2000/09/xmldsig#rsa-sha1"/>
                  
            
                  <ds:Reference URI="">
                     
              
                     <ds:Transforms>
                        
                
                        <ds:Transform Algorithm="http://www.w3.org/2000/09/xmldsig#enveloped-signature"/>
                        
              
                     </ds:Transforms>
                     
              
                     <ds:DigestMethod Algorithm="http://www.w3.org/2000/09/xmldsig#sha1"/>
                     
              
                     <ds:DigestValue/>
                     
            
                  </ds:Reference>
                  
          
               </ds:SignedInfo>
               
          
               <ds:SignatureValue/>
               
          
               <ds:KeyInfo>
                  
            
                  <ds:X509Data>
                     
              
                     <ds:X509Certificate/>
                     
            
                  </ds:X509Data>
                  
          
               </ds:KeyInfo>
               
        
            </ds:Signature>
            
      
         </ext:ExtensionContent>
         
    
      </ext:UBLExtension>
      
  
   </ext:UBLExtensions>
   
  
   <cbc:UBLVersionID>UBL 2.0</cbc:UBLVersionID>
   
  
   <cbc:ProfileID>DIAN 1.0</cbc:ProfileID>
   
  
   <cbc:ID>NDB0000000008</cbc:ID>
   
  
   <cbc:UUID/>
   
  
   <cbc:IssueDate>2019-07-03</cbc:IssueDate>
   
  
   <cbc:IssueTime>21:20:16</cbc:IssueTime>
   
  
   <cbc:Note>Nota de dédito: Incumplimiento CIENTO SETENTA Y  NUEVE MIL SEISCIENTOS NOVENTA Y 0/100 PESOS</cbc:Note>
   
  
   <cbc:DocumentCurrencyCode listAgencyName="United Nations Economic Commission for Europe" listID="ISO 4217 Alpha" listName="Currency">COP</cbc:DocumentCurrencyCode>
   
  
   <cbc:LineCountNumeric>2</cbc:LineCountNumeric>
   
  
   <cac:DiscrepancyResponse>
      
    
      <cbc:ReferenceID>face_f-0000000048</cbc:ReferenceID>
      
    
      <cbc:ResponseCode>1</cbc:ResponseCode>
      
    
      <cbc:Description>Incumplimiento</cbc:Description>
      
  
   </cac:DiscrepancyResponse>
   
  
   <cac:BillingReference>
      
    
      <cac:InvoiceDocumentReference>
         
      
         <cbc:ID>NDB0000000008</cbc:ID>
         
      
         <cbc:UUID>8386338f439385fc7b66a6e3a86b0ced27bf53b6</cbc:UUID>
         
      
         <cbc:IssueDate>2019-07-03</cbc:IssueDate>
         
    
      </cac:InvoiceDocumentReference>
      
  
   </cac:BillingReference>
   
  
   <fe:AccountingSupplierParty>
      
    
      <cbc:AdditionalAccountID>0</cbc:AdditionalAccountID>
      
    
      <fe:Party>
         
      
         <cac:PartyIdentification>
            
        
            <cbc:ID schemeAgencyID="195" schemeAgencyName="CO, DIAN (Direccion de Impuestos y Aduanas Nacionales)" schemeID="31">1112768143</cbc:ID>
            
      
         </cac:PartyIdentification>
         
      
         <cac:PartyName>
            
        
            <cbc:Name>GRISALES RIVERA JHON ALEXANDER</cbc:Name>
            
      
         </cac:PartyName>
         
      
         <fe:PhysicalLocation>
            
        
            <fe:Address>
               
          
               <cbc:Department>Quindio</cbc:Department>
               
          
               <cbc:CitySubdivisionName>False</cbc:CitySubdivisionName>
               
          
               <cbc:CityName>Armenia</cbc:CityName>
               
          
               <cac:AddressLine>
                  
            
                  <cbc:Line>Cra 14 18N118</cbc:Line>
                  
          
               </cac:AddressLine>
               
          
               <cac:Country>
                  
            
                  <cbc:IdentificationCode>CO</cbc:IdentificationCode>
                  
          
               </cac:Country>
               
        
            </fe:Address>
            
      
         </fe:PhysicalLocation>
         
      
         <fe:PartyTaxScheme>
            
        
            <cbc:TaxLevelCode>0</cbc:TaxLevelCode>
            
        
            <cac:TaxScheme/>
            
      
         </fe:PartyTaxScheme>
         
      
         <fe:PartyLegalEntity>
            
        
            <cbc:RegistrationName>GRISALES RIVERA JHON ALEXANDER</cbc:RegistrationName>
            
      
         </fe:PartyLegalEntity>
         
    
      </fe:Party>
      
  
   </fe:AccountingSupplierParty>
   
  
   <fe:AccountingCustomerParty>
      
    
      <cbc:AdditionalAccountID>0</cbc:AdditionalAccountID>
      
    
      <fe:Party>
         
      
         <cac:PartyIdentification>
            
        
            <cbc:ID schemeAgencyID="195" schemeAgencyName="CO, DIAN (Direccion de Impuestos y Aduanas Nacionales)" schemeID="31">24642786</cbc:ID>
            
      
         </cac:PartyIdentification>
         
      
         <cac:PartyName>
            
        
            <cbc:Name>Ana Agudelo</cbc:Name>
            
      
         </cac:PartyName>
         
      
         <fe:PhysicalLocation>
            
        
            <fe:Address>
               
          
               <cbc:Department>Valle del Cauca</cbc:Department>
               
          
               <cbc:CitySubdivisionName>False</cbc:CitySubdivisionName>
               
          
               <cbc:CityName>Toribio</cbc:CityName>
               
          
               <cac:AddressLine>
                  
            
                  <cbc:Line>carrera 8 Nº 6C - 46</cbc:Line>
                  
          
               </cac:AddressLine>
               
          
               <cac:Country>
                  
            
                  <cbc:IdentificationCode>CO</cbc:IdentificationCode>
                  
          
               </cac:Country>
               
        
            </fe:Address>
            
      
         </fe:PhysicalLocation>
         
      
         <fe:PartyTaxScheme>
            
        
            <cbc:TaxLevelCode>0</cbc:TaxLevelCode>
            
        
            <cac:TaxScheme/>
            
      
         </fe:PartyTaxScheme>
         
      
         <fe:PartyLegalEntity>
            
        
            <cbc:RegistrationName>Ana Agudelo</cbc:RegistrationName>
            
      
         </fe:PartyLegalEntity>
         
    
      </fe:Party>
      
  
   </fe:AccountingCustomerParty>
   
  
   <fe:TaxTotal>
      
    
      <cbc:TaxAmount currencyID="COP">28690.0</cbc:TaxAmount>
      
    
      <cbc:TaxEvidenceIndicator>false</cbc:TaxEvidenceIndicator>
      
    
      <fe:TaxSubtotal>
         
      
         <cbc:TaxableAmount currencyID="COP">151000.0</cbc:TaxableAmount>
         
      
         <cbc:TaxAmount currencyID="COP">28690.0</cbc:TaxAmount>
         
      
         <cbc:Percent>19.0</cbc:Percent>
         
      
         <cac:TaxCategory>
            
        
            <cac:TaxScheme>
               
          
               <cbc:ID>01</cbc:ID>
               
        
            </cac:TaxScheme>
            
      
         </cac:TaxCategory>
         
    
      </fe:TaxSubtotal>
      
  
   </fe:TaxTotal>
   
  
   <fe:LegalMonetaryTotal>
      
    
      <cbc:LineExtensionAmount currencyID="COP">151000.0</cbc:LineExtensionAmount>
      
    
      <cbc:TaxExclusiveAmount currencyID="COP">151000.0</cbc:TaxExclusiveAmount>
      
    
      <cbc:TaxInclusiveAmount currencyID="COP">179690.0</cbc:TaxInclusiveAmount>
      
    
      <cbc:PayableAmount currencyID="COP">179690.0</cbc:PayableAmount>
      
  
   </fe:LegalMonetaryTotal>
   
  
   <fe:DebitNoteLine>
      
    
      <cbc:ID>1</cbc:ID>
      
    
      <cbc:DebitedQuantity>1.0</cbc:DebitedQuantity>
      
    
      <cbc:LineExtensionAmount currencyID="COP">16000.0</cbc:LineExtensionAmount>
      
    
      <fe:Item>
         
      
         <cbc:Description>[U08] SmartWatch</cbc:Description>
         
    
      </fe:Item>
      
    
      <fe:Price>
         
      
         <cbc:PriceAmount currencyID="COP">16000.0</cbc:PriceAmount>
         
    
      </fe:Price>
      
  
   </fe:DebitNoteLine>
   
  
   <fe:DebitNoteLine>
      
    
      <cbc:ID>2</cbc:ID>
      
    
      <cbc:DebitedQuantity>1.0</cbc:DebitedQuantity>
      
    
      <cbc:LineExtensionAmount currencyID="COP">135000.0</cbc:LineExtensionAmount>
      
    
      <fe:Item>
         
      
         <cbc:Description>Subwoofer Pioner TS-W306R</cbc:Description>
         
    
      </fe:Item>
      
    
      <fe:Price>
         
      
         <cbc:PriceAmount currencyID="COP">135000.0</cbc:PriceAmount>
         
    
      </fe:Price>
      
  
   </fe:DebitNoteLine>
   

</fe:DebitNote>
