<?xml version="1.0" encoding="UTF-8" standalone="no"?><fe:Invoice xmlns:fe="http://www.dian.gov.co/contratos/facturaelectronica/v1" xmlns:cac="urn:oasis:names:specification:ubl:schema:xsd:CommonAggregateComponents-2" xmlns:cbc="urn:oasis:names:specification:ubl:schema:xsd:CommonBasicComponents-2" xmlns:clm54217="urn:un:unece:uncefact:codelist:specification:54217:2001" xmlns:clm66411="urn:un:unece:uncefact:codelist:specification:66411:2001" xmlns:clmIANAMIMEMediaType="urn:un:unece:uncefact:codelist:specification:IANAMIMEMediaType:2003" xmlns:ext="urn:oasis:names:specification:ubl:schema:xsd:CommonExtensionComponents-2" xmlns:qdt="urn:oasis:names:specification:ubl:schema:xsd:QualifiedDatatypes-2" xmlns:sts="http://www.dian.gov.co/contratos/facturaelectronica/v1/Structures" xmlns:udt="urn:un:unece:uncefact:data:specification:UnqualifiedDataTypesSchemaModule:2" xmlns:xsi="http://www.w3.org/2001/XMLSchema-instance" xsi:schemaLocation="http://www.dian.gov.co/contratos/facturaelectronica/v1 http://factura.today/XSD/r0/DIAN_UBL.xsd" xmlns:ds="http://www.w3.org/2000/09/xmldsig#"><ext:UBLExtensions><ext:UBLExtension><ext:ExtensionContent><sts:DianExtensions><sts:InvoiceControl><sts:InvoiceAuthorization></sts:InvoiceAuthorization><sts:AuthorizationPeriod><cbc:StartDate></cbc:StartDate><cbc:EndDate></cbc:EndDate></sts:AuthorizationPeriod><sts:AuthorizedInvoices><sts:Prefix></sts:Prefix><sts:From></sts:From><sts:To></sts:To></sts:AuthorizedInvoices></sts:InvoiceControl><sts:InvoiceSource><cbc:IdentificationCode listAgencyID="6" listAgencyName="United Nations Economic Commission for Europe" listSchemeURI="urn:oasis:names:specification:ubl:codelist:gc:CountryIdentificationCode-2.0"></cbc:IdentificationCode></sts:InvoiceSource><sts:SoftwareProvider><sts:ProviderID schemeAgencyID="195" schemeAgencyName="CO, DIAN (Direccion de Impuestos y Aduanas Nacionales)"></sts:ProviderID><sts:SoftwareID schemeAgencyID="195" schemeAgencyName="CO, DIAN (Direccion de Impuestos y Aduanas Nacionales)"></sts:SoftwareID></sts:SoftwareProvider><sts:SoftwareSecurityCode schemeAgencyID="195" schemeAgencyName="CO, DIAN (Direccion de Impuestos y Aduanas Nacionales)"></sts:SoftwareSecurityCode></sts:DianExtensions></ext:ExtensionContent></ext:UBLExtension><ext:UBLExtension><ext:ExtensionContent><ds:Signature><ds:SignedInfo><ds:CanonicalizationMethod Algorithm="http://www.w3.org/TR/2001/REC-xml-c14n-20010315"/><ds:SignatureMethod Algorithm="http://www.w3.org/2000/09/xmldsig#rsa-sha1"/><ds:Reference URI=""><ds:Transforms><ds:Transform Algorithm="http://www.w3.org/2000/09/xmldsig#enveloped-signature"/></ds:Transforms><ds:DigestMethod Algorithm="http://www.w3.org/2000/09/xmldsig#sha1"/><ds:DigestValue></ds:DigestValue></ds:Reference></ds:SignedInfo><ds:SignatureValue></ds:SignatureValue><ds:KeyInfo><ds:X509Data><ds:X509Certificate></ds:X509Certificate></ds:X509Data></ds:KeyInfo></ds:Signature></ext:ExtensionContent></ext:UBLExtension></ext:UBLExtensions><cbc:UBLVersionID>UBL 2.0</cbc:UBLVersionID><cbc:ProfileID>DIAN 1.0</cbc:ProfileID><cbc:ID></cbc:ID><cbc:UUID schemeAgencyID="195" schemeAgencyName="CO, DIAN (Direccion de Impuestos y Aduanas Nacionales)"></cbc:UUID><cbc:IssueDate></cbc:IssueDate><cbc:IssueTime></cbc:IssueTime><cbc:InvoiceTypeCode listAgencyID="195" listAgencyName="CO, DIAN (Direccion de Impuestos y Aduanas Nacionales)" listSchemeURI="http://www.dian.gov.co/contratos/facturaelectronica/v1/InvoiceType">1</cbc:InvoiceTypeCode><cbc:Note></cbc:Note><cbc:DocumentCurrencyCode></cbc:DocumentCurrencyCode><cbc:LineCountNumeric></cbc:LineCountNumeric><fe:AccountingSupplierParty><cbc:AdditionalAccountID></cbc:AdditionalAccountID><fe:Party><cac:PartyIdentification><cbc:ID schemeAgencyID="195" schemeAgencyName="CO, DIAN (Direccion de Impuestos y Aduanas Nacionales)" schemeID=""></cbc:ID></cac:PartyIdentification><cac:PartyName><cbc:Name></cbc:Name></cac:PartyName><fe:PhysicalLocation><fe:Address><cbc:Department></cbc:Department><cbc:CitySubdivisionName></cbc:CitySubdivisionName><cbc:CityName></cbc:CityName><cac:AddressLine><cbc:Line></cbc:Line></cac:AddressLine><cac:Country><cbc:IdentificationCode></cbc:IdentificationCode></cac:Country></fe:Address></fe:PhysicalLocation><fe:PartyTaxScheme><cbc:TaxLevelCode></cbc:TaxLevelCode><cac:TaxScheme/></fe:PartyTaxScheme><fe:PartyLegalEntity><cbc:RegistrationName></cbc:RegistrationName></fe:PartyLegalEntity></fe:Party></fe:AccountingSupplierParty><fe:AccountingCustomerParty><cbc:AdditionalAccountID></cbc:AdditionalAccountID><fe:Party><cac:PartyIdentification><cbc:ID schemeAgencyID="195" schemeAgencyName="CO, DIAN (Direccion de Impuestos y Aduanas Nacionales)" schemeID=""></cbc:ID></cac:PartyIdentification><cac:PartyName><cbc:Name></cbc:Name></cac:PartyName><fe:PhysicalLocation><fe:Address><cbc:Department></cbc:Department><cbc:CitySubdivisionName></cbc:CitySubdivisionName><cbc:CityName></cbc:CityName><cac:AddressLine><cbc:Line></cbc:Line></cac:AddressLine><cac:Country><cbc:IdentificationCode></cbc:IdentificationCode></cac:Country></fe:Address></fe:PhysicalLocation><fe:PartyTaxScheme><cbc:TaxLevelCode></cbc:TaxLevelCode><cac:TaxScheme/></fe:PartyTaxScheme><fe:PartyLegalEntity><cbc:RegistrationName></cbc:RegistrationName></fe:PartyLegalEntity></fe:Party></fe:AccountingCustomerParty></fe:Invoice>