<templates>
<t t-extend="ClientDetailsEdit">
    <t t-jquery=".vat" t-operation="replace">
        <div class="dian_vat_pos" style="display: inline-grid;">
        <select  name="dian_tipo_documento" id="dian_tipo_documento" class="detail dian_tipo_documento pos_dian_tipo_documento">
            <option t-att-value="13">Cédula de ciudadanía</option>
            <option t-att-value="31">NIT</option>
            <option t-att-value="41">Pasaporte</option>
            <option t-att-value="21">Tarjeta de extranjería</option>
        </select>
        <input class='detail vat' name='vat' t-att-value='partner.vat || ""'></input>
        <input type="hidden" class='hidden_partner_id' name='partner_id' t-att-value='partner.id || ""'></input>
        </div>
    </t>
</t>
</templates>